cid,cmpdname,CanonicalSMILES,activity
14610,2-Amino-7-nitrofluorene,C1C2=C(C=CC(=C2)N)C3=C1C=C(C=C3)[N+](=O)[O-],Active
65047,Fluorescein diacetate,CC(=O)OC1=CC2=C(C=C1)C3(C4=C(O2)C=C(C=C4)OC(=O)C)C5=CC=CC=C5C(=O)O3,Active
72652,Coumarin 153,C1CC2=CC3=C(C4=C2N(C1)CCC4)OC(=O)C=C3C(F)(F)F,Active
94381,Coumarin 7,CCN(CC)C1=CC2=C(C=C1)C=C(C(=O)O2)C3=NC4=CC=CC=C4N3,Active
100335,Coumarin 30,CCN(CC)C1=CC2=C(C=C1)C=C(C(=O)O2)C3=NC4=CC=CC=C4N3C,Active
100641,7-Amino-4-(trifluoromethyl)coumarin,C1=CC2=C(C=C1N)OC(=O)C=C2C(F)(F)F,Active
160115,Cephalochromin,CC1CC(=O)C2=C(O1)C=C3C(=C2O)C(=CC(=C3C4=C(C=C(C5=C(C6=C(C=C54)OC(CC6=O)C)O)O)O)O)O,Active
185146,"1h-Benz(de)isoquinoline-1,3(2h)-dione, 2-(3-(dimethylamino)propyl)-6-nitro-",CN(C)CCCN1C(=O)C2=C3C(=C(C=C2)[N+](=O)[O-])C=CC=C3C1=O,Active
202512,"6-amino-2-phenyl-1H-benzo[de]isoquinoline-1,3(2H)-dione",C1=CC=C(C=C1)N2C(=O)C3=C4C(=C(C=C3)N)C=CC=C4C2=O,Active
203396,"4,5-Dibromo-2-phenylpyridazin-3(2H)-one",C1=CC=C(C=C1)N2C(=O)C(=C(C=N2)Br)Br,Active
305244,"6-Nitro-2-(pyridin-3-ylmethyl)benzo[de]isoquinoline-1,3-dione",C1=CC2=C(C=CC3=C2C(=C1)C(=O)N(C3=O)CC4=CN=CC=C4)[N+](=O)[O-],Active
305322,"6-Nitro-2-(oxolan-2-ylmethyl)benzo[de]isoquinoline-1,3-dione",C1CC(OC1)CN2C(=O)C3=C4C(=C(C=C3)[N+](=O)[O-])C=CC=C4C2=O,Active
355876,"1-Chloro-3-methylpyrido[1,2-a]benzimidazole-4-carbonitrile",CC1=C(C2=NC3=CC=CC=C3N2C(=C1)Cl)C#N,Active
373692,"7-Chloro-3-phenyl[1,3]thiazolo[4,5-d]pyrimidine-2(3H)-thione",C1=CC=C(C=C1)N2C3=C(C(=NC=N3)Cl)SC2=S,Active
379416,"N'-(5,7-Dibromo-2,1,3-benzoxadiazol-4-yl)-N,N-dimethylimidoformamide",CN(C)C=NC1=C(C=C(C2=NON=C12)Br)Br,Active
399112,"2-(5-amino-1,3,4-thiadiazol-2-yl)-3H-benzo[f]chromen-3-one",C1=CC=C2C(=C1)C=CC3=C2C=C(C(=O)O3)C4=NN=C(S4)N,Active
406463,"1-(6,7-Difluoro-3-methyl-1,4-dioxidoquinoxalin-2-yl)ethanone",CC1=C([N+](=O)C2=CC(=C(C=C2N1[O-])F)F)C(=O)C,Active
511501,"8-Cyclohexyl-2,4,5,6-tetrahydro-1H-pyrazino[3,2,1-jk]carbazole",C1CCC(CC1)C2=CC3=C(C=C2)N4CCN=C5C4=C3CCC5,Active
535721,"9-methyl-4-(trifluoromethyl)-7,8-dihydro-6H-pyrano[2,3-b][1,8]naphthyridin-2-one",CN1CCCC2=CC3=C(N=C21)OC(=O)C=C3C(F)(F)F,Active
603361,"4-Chloro-2-methylbenzofuro[3,2-d]pyrimidine",CC1=NC2=C(C(=N1)Cl)OC3=CC=CC=C32,Active
609295,"4-Chlorobenzofuro[3,2-d]pyrimidine",C1=CC=C2C(=C1)C3=C(O2)C(=NC=N3)Cl,Active
629074,"3-Amino-4-(furan-2-yl)-6-phenylthieno[2,3-b]pyridine-2-carbonitrile",C1=CC=C(C=C1)C2=NC3=C(C(=C2)C4=CC=CO4)C(=C(S3)C#N)N,Active
647846,1-[2-(3-Cyano-8-methyl-quinolin-2-ylamino)-ethyl]-3-cyclohexyl-urea,CC1=C2C(=CC=C1)C=C(C(=N2)NCCNC(=O)NC3CCCCC3)C#N,Active
648878,3-Bromo-4-chloro-7-diethylamino-chromen-2-one,CCN(CC)C1=CC2=C(C=C1)C(=C(C(=O)O2)Br)Cl,Active
649054,"Butyl {[5-(3,4,5-trimethoxyphenyl)-1,3,4-oxadiazol-2-yl]sulfanyl}acetate",CCCCOC(=O)CSC1=NN=C(O1)C2=CC(=C(C(=C2)OC)OC)OC,Active
653949,4-Chloro-7-ethylamino-chromen-2-one,CCNC1=CC2=C(C=C1)C(=CC(=O)O2)Cl,Active
657803,"6-Chloro-2-(5-chloro-1-methylimidazol-2-yl)-2,3-dihydrochromen-4-one",CN1C(=CN=C1C2CC(=O)C3=C(O2)C=CC(=C3)Cl)Cl,Active
658104,"Methyl 5-(1-amino-5-morpholin-4-yl-6,7,8,9-tetrahydrothieno[2,3-c]isoquinolin-2-yl)furan-2-carboxylate",COC(=O)C1=CC=C(O1)C2=C(C3=C(S2)N=C(C4=C3CCCC4)N5CCOCC5)N,Active
661810,"1-[3-Amino-6-(2-thienyl)-4-(trifluoromethyl)thieno[2,3-b]pyridin-2-yl]ethan-1-one",CC(=O)C1=C(C2=C(S1)N=C(C=C2C(F)(F)F)C3=CC=CS3)N,Active
661834,2-[2-(4-Chlorophenyl)-2-oxoethyl]sulfanyl-6-(furan-2-yl)pyridine-3-carbonitrile,C1=COC(=C1)C2=NC(=C(C=C2)C#N)SCC(=O)C3=CC=C(C=C3)Cl,Active
661889,4-(Allyloxy)-2-(4-pyridinyl)quinazoline,C=CCOC1=NC(=NC2=CC=CC=C21)C3=CC=NC=C3,Active
661897,"6-(4-Ethylphenyl)-2,3-dimethylimidazo[1,2-b][1,2,4]triazine",CCC1=CC=C(C=C1)C2=CN3C(=N2)N=C(C(=N3)C)C,Active
661898,"N-[7-(4-fluorophenyl)-5-phenyl-3,7-dihydro[1,2,4]triazolo[1,5-a]pyrimidin-2-yl]acetamide",CC(=O)NC1=NN2C(C=C(NC2=N1)C3=CC=CC=C3)C4=CC=C(C=C4)F,Active
662176,"7-(4-Ethoxyphenyl)-5-phenyl-4,7-dihydro[1,2,4]triazolo[1,5-a]pyrimidine",CCOC1=CC=C(C=C1)C2C=C(NC3=NC=NN23)C4=CC=CC=C4,Active
664134,"1-Methyl-3-phenylpyrazolo[4,3-b]quinoxaline",CN1C2=NC3=CC=CC=C3N=C2C(=N1)C4=CC=CC=C4,Active
665132,"N-[5-(2-methoxyphenyl)-1,3,4-thiadiazol-2-yl]-2-methylpropanamide",CC(C)C(=O)NC1=NN=C(S1)C2=CC=CC=C2OC,Active
666371,"3-amino-6-(furan-2-yl)-N-(2-methoxyphenyl)thieno[2,3-b]pyridine-2-carboxamide",COC1=CC=CC=C1NC(=O)C2=C(C3=C(S2)N=C(C=C3)C4=CC=CO4)N,Active
666746,"1-Cyclopentyl-3-(1-methylbenzimidazol-2-yl)pyrrolo[3,2-b]quinoxalin-2-amine",CN1C2=CC=CC=C2N=C1C3=C(N(C4=NC5=CC=CC=C5N=C34)C6CCCC6)N,Active
675202,"4,5-dichloro-2-(4-fluorobenzyl)pyridazin-3(2H)-one",C1=CC(=CC=C1CN2C(=O)C(=C(C=N2)Cl)Cl)F,Active
701067,"3-(1,3-Benzothiazol-2-ylsulfanyl)-1-benzothiophene 1,1-dioxide",C1=CC=C2C(=C1)C(=CS2(=O)=O)SC3=NC4=CC=CC=C4S3,Active
702952,"2,3,6-Triphenylimidazo[1,2-b][1,2,4]triazine",C1=CC=C(C=C1)C2=CN3C(=N2)N=C(C(=N3)C4=CC=CC=C4)C5=CC=CC=C5,Active
704848,"2-(4-Methyl-pyridin-2-yl)-6-nitro-benzo[de]isoquinoline-1,3-dione",CC1=CC(=NC=C1)N2C(=O)C3=C4C(=C(C=C3)[N+](=O)[O-])C=CC=C4C2=O,Active
727631,"methyl 4-[3-(2-chloroacetyl)-2,5-dimethyl-1H-pyrrol-1-yl]benzoate",CC1=CC(=C(N1C2=CC=C(C=C2)C(=O)OC)C)C(=O)CCl,Active
727850,"(5Z)-2-(4-hydroxyanilino)-5-(2-oxo-1H-indol-3-ylidene)-1,3-thiazol-4-one",C1=CC2=C(C(=O)N=C2C=C1)C3=C(N=C(S3)NC4=CC=C(C=C4)O)O,Active
741237,"3-(1-Piperidinylmethylene)-2,4-pyrrolidinedione",C1CCN(CC1)C=C2C(=O)CNC2=O,Active
744061,"Ethyl 3-cyano-5,7-dimethylpyrazolo[1,5-a]pyrimidine-6-carboxylate",CCOC(=O)C1=C(N2C(=C(C=N2)C#N)N=C1C)C,Active
748054,"methyl [1-(1,3-benzothiazol-2-yl)-5-hydroxy-1H-pyrazol-3-yl]acetate",COC(=O)CC1=CC(=O)N(N1)C2=NC3=CC=CC=C3S2,Active
756377,"4-Chloro-8-(diethylamino)pyrano[3,2-c]chromene-2,5-dione",CCN(CC)C1=CC2=C(C=C1)C3=C(C(=CC(=O)O3)Cl)C(=O)O2,Active
760116,"6-Methyl-4-(trifluoromethyl)-7,8,9,10-tetrahydropyrano[2,3-f]quinolin-2-one",CC1=CC2=C(C3=C1NCCC3)OC(=O)C=C2C(F)(F)F,Active
763443,"N-[3-(1,3-benzoxazol-2-yl)phenyl]-2-methylpropanamide",CC(C)C(=O)NC1=CC=CC(=C1)C2=NC3=CC=CC=C3O2,Active
763676,5-Amino-2-(2-furylmethylene)-1-indanone,C1C2=C(C=CC(=C2)N)C(=O)C1=CC3=CC=CO3,Active
769903,4-Imidazol-1-yl-1-methyl-3-nitro-1H-quinolin-2-one,CN1C2=CC=CC=C2C(=C(C1=O)[N+](=O)[O-])N3C=CN=C3,Active
771697,"N-(2,3-dihydro-1H-inden-5-yl)-3-(4-morpholinyl)propanamide",C1CC2=C(C1)C=C(C=C2)NC(=O)CCN3CCOCC3,Active
784948,2-fluoro-N-(furan-2-ylmethyl)benzamide,C1=CC=C(C(=C1)C(=O)NCC2=CC=CO2)F,Active
787333,"Ethyl {2-[(thiophen-2-ylacetyl)amino]-1,3-thiazol-4-yl}acetate",CCOC(=O)CC1=CSC(=N1)NC(=O)CC2=CC=CS2,Active
791477,(3E)-3-[(4-methoxyanilino)methylidene]oxolan-2-one,COC1=CC=C(C=C1)NC=C2CCOC2=O,Active
803313,"4-tert-butyl-N-(1,4-dioxo-2,3-dihydrophthalazin-5-yl)benzamide",CC(C)(C)C1=CC=C(C=C1)C(=O)NC2=CC=CC3=C2C(=O)NNC3=O,Active
814441,2-(4-Chloro-benzyl)-5-phenyl-2H-pyrazol-3-ylamine,C1=CC=C(C=C1)C2=NN(C(=C2)N)CC3=CC=C(C=C3)Cl,Active
815515,4-(6-Amino-5-chloro-benzothiazol-2-yl)-benzoic acid methyl ester,COC(=O)C1=CC=C(C=C1)C2=NC3=C(S2)C=C(C(=C3)Cl)N,Active
829764,"6-(diethylamino)-3-methyl-2H-1,4-benzoxazin-2-one",CCN(CC)C1=CC2=C(C=C1)OC(=O)C(=N2)C,Active
839988,"6-amino-2-(1,3,5-trimethyl-1H-pyrazol-4-yl)-1H-benzo[de]isoquinoline-1,3(2H)-dione",CC1=C(C(=NN1C)C)N2C(=O)C3=C4C(=C(C=C3)N)C=CC=C4C2=O,Active
845544,"3-Amino-4-phenyl-6-thiophen-2-yl-thieno[2,3-b]pyridine-2-carbonitrile",C1=CC=C(C=C1)C2=CC(=NC3=C2C(=C(S3)C#N)N)C4=CC=CS4,Active
846392,"3-(4,5-Dihydro-naphtho[1,2-d]thiazol-2-yl)-chromen-2-one",C1CC2=C(C3=CC=CC=C31)N=C(S2)C4=CC5=CC=CC=C5OC4=O,Active
849396,"3,5,6-Trichloro-1-(4-methylphenyl)pyrazin-2-one",CC1=CC=C(C=C1)N2C(=C(N=C(C2=O)Cl)Cl)Cl,Active
850073,4-(5-Tert-butyl-2-ethoxybenzenesulfonyl)morpholine,CCOC1=C(C=C(C=C1)C(C)(C)C)S(=O)(=O)N2CCOCC2,Active
872665,"9-ethoxy-3H-[1,2,5]oxadiazolo[3,4-c]carbazole",CCOC1=CC2=C3C(=CC=C4C3=NON4)N=C2C=C1,Active
875407,"5-(3-Methylphenanthro[9,10-d]imidazol-2-yl)thiophene-2-carbaldehyde",CN1C2=C(C3=CC=CC=C3C4=CC=CC=C42)N=C1C5=CC=C(S5)C=O,Active
887759,1-ethoxy-4-[(E)-2-nitroethenyl]naphthalene,CCOC1=CC=C(C2=CC=CC=C21)C=C[N+](=O)[O-],Active
892462,"5-{[2-(Dimethylamino)ethyl]amino}-2-(4-methoxyphenyl)-1,3-oxazole-4-carbonitrile",CN(C)CCNC1=C(N=C(O1)C2=CC=C(C=C2)OC)C#N,Active
892621,"4-(2,5-dimethoxyphenyl)-5-(3-hydroxyphenyl)-2,4-dihydro-3H-1,2,4-triazole-3-thione",COC1=CC(=C(C=C1)OC)N2C(=NNC2=S)C3=CC(=CC=C3)O,Active
900971,"4,5-dichloro-2-[2-(4-chlorophenyl)-2-oxoethyl]-3(2H)-pyridazinone",C1=CC(=CC=C1C(=O)CN2C(=O)C(=C(C=N2)Cl)Cl)Cl,Active
930578,"1-[1-Amino-5-(4-methylphenyl)-6,7,8,9-tetrahydrothieno[2,3-c]isoquinolin-2-yl]ethanone",CC1=CC=C(C=C1)C2=NC3=C(C4=C2CCCC4)C(=C(S3)C(=O)C)N,Active
942046,"3-Amino-6-(3-methoxyphenyl)-4-(trifluoromethyl)thieno[2,3-b]pyridine-2-carbonitrile",COC1=CC=CC(=C1)C2=NC3=C(C(=C2)C(F)(F)F)C(=C(S3)C#N)N,Active
969516,Curcumin,COC1=C(C=CC(=C1)C=CC(=O)CC(=O)C=CC2=CC(=C(C=C2)O)OC)O,Active
977785,2-[(2-chlorobenzyl)thio]-4-(4-nitrophenyl)-1H-imidazole,C1=CC=C(C(=C1)CSC2=NC=C(N2)C3=CC=C(C=C3)[N+](=O)[O-])Cl,Active
984326,"1-(cyclohexylamino)-3-methyl-3H-naphtho[1,2,3-de]quinoline-2,7-dione",CN1C2=CC=CC3=C2C(=C(C1=O)NC4CCCCC4)C5=CC=CC=C5C3=O,Active
988543,"1,3-Diethyl-5-[[4-(4-morpholinyl)anilino]methylidene]-2-sulfanylidene-1,3-diazinane-4,6-dione",CCN1C(=C(C(=O)N(C1=S)CC)C=NC2=CC=C(C=C2)N3CCOCC3)O,Active
990640,"3-amino-4-(4-methoxyphenyl)-N-phenyl-6,7-dihydro-5H-cyclopenta[b]thieno[3,2-e]pyridine-2-carboxamide",COC1=CC=C(C=C1)C2=C3C(=C(SC3=NC4=C2CCC4)C(=O)NC5=CC=CC=C5)N,Active
991372,"9-(2,4-dihydroxyphenyl)-3,3,6,6-tetramethyl-3,4,5,6,7,9-hexahydro-1H-xanthene-1,8(2H)-dione",CC1(CC2=C(C(C3=C(O2)CC(CC3=O)(C)C)C4=C(C=C(C=C4)O)O)C(=O)C1)C,Active
999758,"2-{[(3,4-Dichlorophenyl)carbamoyl]amino}-6-ethyl-4,5,6,7-tetrahydrothieno[2,3-c]pyridine-3-carboxamide",CCN1CCC2=C(C1)SC(=C2C(=O)N)NC(=O)NC3=CC(=C(C=C3)Cl)Cl,Active
1001295,"2-[4-(diethylamino)-2-hydroxybenzylidene][1,3]thiazolo[3,2-a]benzimidazol-3(2H)-one",CCN(CC)C1=CC(=C(C=C1)C=C2C(=O)N3C4=CC=CC=C4N=C3S2)O,Active
1004085,"[3-Amino-6-(4-methoxyphenyl)-2-thieno[2,3-b]pyridinyl]-(3,4-dimethoxyphenyl)methanone",COC1=CC=C(C=C1)C2=NC3=C(C=C2)C(=C(S3)C(=O)C4=CC(=C(C=C4)OC)OC)N,Active
1004092,"[3-Amino-6-(4-methoxyphenyl)thieno[2,3-b]pyridin-2-yl](3-methoxyphenyl)methanone",COC1=CC=C(C=C1)C2=NC3=C(C=C2)C(=C(S3)C(=O)C4=CC(=CC=C4)OC)N,Active
1005239,"3-Amino-4-(4-chlorophenyl)-6-(2-thienyl)thieno[2,3-b]pyridine-2-carbonitrile",C1=CSC(=C1)C2=NC3=C(C(=C2)C4=CC=C(C=C4)Cl)C(=C(S3)C#N)N,Active
1005277,"[3-Amino-6-methyl-4-(2-thienyl)thieno[2,3-b]pyridin-2-yl](4-methoxyphenyl)methanone",CC1=CC(=C2C(=C(SC2=N1)C(=O)C3=CC=C(C=C3)OC)N)C4=CC=CS4,Active
1009410,"4-[[5-[(3,4-Dichlorophenyl)methylthio]-4-phenyl-1,2,4-triazol-3-yl]methyl]morpholine",C1COCCN1CC2=NN=C(N2C3=CC=CC=C3)SCC4=CC(=C(C=C4)Cl)Cl,Active
1036385,"(3-Amino-6-phenylthieno[2,3-b]pyridin-2-yl)(3,4-dimethoxyphenyl)methanone",COC1=C(C=C(C=C1)C(=O)C2=C(C3=C(S2)N=C(C=C3)C4=CC=CC=C4)N)OC,Active
1073564,2-Cyano-3-[1-(4-fluoro-benzyl)-1H-indol-3-yl]-N-furan-2-ylmethyl-acrylamide,C1=CC=C2C(=C1)C(=CN2CC3=CC=C(C=C3)F)C=C(C#N)C(=O)NCC4=CC=CO4,Active
1090196,N-[3-chloro-4-(4-ethylpiperazin-1-yl)phenyl]-5-nitrofuran-2-carboxamide,CCN1CCN(CC1)C2=C(C=C(C=C2)NC(=O)C3=CC=C(O3)[N+](=O)[O-])Cl,Active
1104217,"5-nitro-N-(2-pyridin-3-yl-1,3-benzoxazol-5-yl)furan-2-carboxamide",C1=CC(=CN=C1)C2=NC3=C(O2)C=CC(=C3)NC(=O)C4=CC=C(O4)[N+](=O)[O-],Active
1108211,"6-Bromo-2-(3,5-dimethyl-1H-pyrazol-4-yl)-1H-benz(de)isoquinoline-1,3(2H)-dione",CC1=C(C(=NN1)C)N2C(=O)C3=C4C(=C(C=C3)Br)C=CC=C4C2=O,Active
1108212,"6-Bromo-2-(1,3,5-trimethyl-1H-pyrazol-4-yl)-benzo[de]isoquinoline-1,3-dione",CC1=C(C(=NN1C)C)N2C(=O)C3=C4C(=C(C=C3)Br)C=CC=C4C2=O,Active
1151859,Ethyl {[4-phenyl-6-(trifluoromethyl)-2-pyrimidinyl]sulfonyl}acetate,CCOC(=O)CS(=O)(=O)C1=NC(=CC(=N1)C(F)(F)F)C2=CC=CC=C2,Active
1173617,"N-Furan-2-ylmethyl-2-{4-furan-2-ylmethyl-5-[(3-trifluoromethyl-phenylamino)-methyl]-4H-[1,2,4]triazol-3-ylsulfanyl}-acetamide",C1=CC(=CC(=C1)NCC2=NN=C(N2CC3=CC=CO3)SCC(=O)NCC4=CC=CO4)C(F)(F)F,Active
1205758,"2-(5-chloro-2-pyridinyl)-6-(1-piperidinyl)-1H-benzo[de]isoquinoline-1,3(2H)-dione",C1CCN(CC1)C2=C3C=CC=C4C3=C(C=C2)C(=O)N(C4=O)C5=NC=C(C=C5)Cl,Active
1215664,"(3-Amino-6-phenylthieno[2,3-b]pyridin-2-yl)(4-methoxyphenyl)methanone",COC1=CC=C(C=C1)C(=O)C2=C(C3=C(S2)N=C(C=C3)C4=CC=CC=C4)N,Active
1218173,"6-Nitro-2-pyridin-2-ylbenzo[de]isoquinoline-1,3-dione",C1=CC=NC(=C1)N2C(=O)C3=C4C(=C(C=C3)[N+](=O)[O-])C=CC=C4C2=O,Active
1224769,"4-Bromo-7-(4-morpholinylsulfonyl)-2,1,3-benzothiadiazole",C1COCCN1S(=O)(=O)C2=CC=C(C3=NSN=C23)Br,Active
1244224,"N-(5-tert-butyl-1,2-oxazol-3-yl)pyridine-3-carboxamide",CC(C)(C)C1=CC(=NO1)NC(=O)C2=CN=CC=C2,Active
1253074,"2-{[5-(3-chlorophenyl)-1,3,4-oxadiazol-2-yl]sulfanyl}-N-(1,5-dimethyl-3-oxo-2-phenyl-2,3-dihydro-1H-pyrazol-4-yl)acetamide",CC1=C(C(=O)N(N1C)C2=CC=CC=C2)NC(=O)CSC3=NN=C(O3)C4=CC(=CC=C4)Cl,Active
1260914,"2-(4-{[(2,5-dimethylphenyl)amino]sulfonyl}phenoxy)-N-(2-furylmethyl)acetamide",CC1=CC(=C(C=C1)C)NS(=O)(=O)C2=CC=C(C=C2)OCC(=O)NCC3=CC=CO3,Active
1262928,"3-methyl-1-[(2-phenylethyl)amino]-3H-naphtho[1,2,3-de]quinoline-2,7-dione",CN1C2=CC=CC3=C2C(=C(C1=O)NCCC4=CC=CC=C4)C5=CC=CC=C5C3=O,Active
1304074,"2-(2-Hydroxyphenyl)-6-piperidin-1-ylbenzo[de]isoquinoline-1,3-dione",C1CCN(CC1)C2=C3C=CC=C4C3=C(C=C2)C(=O)N(C4=O)C5=CC=CC=C5O,Active
1307421,"5-(2-furyl)-2-{[2-(4-morpholinyl)-2-oxoethyl]thio}-3-phenylthieno[2,3-d]pyrimidin-4(3H)-one",C1COCCN1C(=O)CSC2=NC3=C(C(=CS3)C4=CC=CO4)C(=O)N2C5=CC=CC=C5,Active
1316236,"6-(4-Methylphenyl)-2-methylsulfonyl-4-phenylthieno[2,3-b]pyridin-3-amine",CC1=CC=C(C=C1)C2=NC3=C(C(=C2)C4=CC=CC=C4)C(=C(S3)S(=O)(=O)C)N,Active
1325504,"{[7-[(2,2-dimethylpropanoyl)oxy]-6-ethyl-3-(1-methyl-1H-benzimidazol-2-yl)-4-oxo-4H-chromen-2-yl]methoxy}acetic acid",CCC1=CC2=C(C=C1OC(=O)C(C)(C)C)OC(=C(C2=O)C3=NC4=CC=CC=C4N3C)COCC(=O)O,Active
1325822,"2-(4-nitrophenyl)-4,5-dithiophen-2-yl-1H-imidazole",C1=CSC(=C1)C2=C(N=C(N2)C3=CC=C(C=C3)[N+](=O)[O-])C4=CC=CS4,Active
1326324,2-oxo-4-(trifluoromethyl)-2H-chromen-7-yl {[(4-methylphenyl)sulfonyl]amino}(phenyl)acetate,CC1=CC=C(C=C1)S(=O)(=O)NC(C2=CC=CC=C2)C(=O)OC3=CC4=C(C=C3)C(=CC(=O)O4)C(F)(F)F,Active
1357612,"2-(3,5-Dimethylphenoxy)-1-[4-(2-methoxyphenyl)piperazin-1-yl]ethanone",CC1=CC(=CC(=C1)OCC(=O)N2CCN(CC2)C3=CC=CC=C3OC)C,Active
1361490,"2-(4-hydroxyphenyl)-6-piperidin-1-yl-1H-benzo[de]isoquinoline-1,3(2H)-dione",C1CCN(CC1)C2=C3C=CC=C4C3=C(C=C2)C(=O)N(C4=O)C5=CC=C(C=C5)O,Active
1389577,"(5E)-1-(4-fluorophenyl)-5-[(5-methylthiophen-2-yl)methylidene]-2-sulfanylidene-1,3-diazinane-4,6-dione",CC1=CC=C(S1)C=C2C(=O)NC(=S)N(C2=O)C3=CC=C(C=C3)F,Active
1446268,"Cyclopentyl-[2-(4-diethylamino-phenyl)-imidazo[1,2-a]pyrazin-3-yl]-amine",CCN(CC)C1=CC=C(C=C1)C2=C(N3C=CN=CC3=N2)NC4CCCC4,Active
1447917,"2-Chloro-1-[1-(cyclohexanecarbonyl)-2,3-dihydroindol-5-yl]ethanone",C1CCC(CC1)C(=O)N2CCC3=C2C=CC(=C3)C(=O)CCl,Active
1472977,"6,8-Dibromo-2-(4-morpholinophenyl)quinoline",C1COCCN1C2=CC=C(C=C2)C3=NC4=C(C=C(C=C4C=C3)Br)Br,Active
1473969,"(E)-2,3-dichloro-N-(2-chlorophenyl)-3-(phenylsulfinyl)-2-propenamide",C1=CC=C(C=C1)S(=O)C(=C(C(=O)NC2=CC=CC=C2Cl)Cl)Cl,Active
1474462,"[4,5-dichloro-6-oxo-1(6H)-pyridazinyl]methyl 4-fluorobenzenecarboxylate",C1=CC(=CC=C1C(=O)OCN2C(=O)C(=C(C=N2)Cl)Cl)F,Active
1474465,"[4,5-dichloro-6-oxo-1(6H)-pyridazinyl]methyl 4-methylbenzenecarboxylate",CC1=CC=C(C=C1)C(=O)OCN2C(=O)C(=C(C=N2)Cl)Cl,Active
1474911,"4,5-dibromo-2-(3,3-dimethyl-2-oxobutyl)-3(2H)-pyridazinone",CC(C)(C)C(=O)CN1C(=O)C(=C(C=N1)Br)Br,Active
1475343,"2,3-dichloro-3-[(4-methoxybenzyl)sulfonyl]-N-(6-methoxy-3-pyridinyl)acrylamide",COC1=CC=C(C=C1)CS(=O)(=O)C(=C(C(=O)NC2=CN=C(C=C2)OC)Cl)Cl,Active
1482534,"(2-Anilino-1,3-thiazol-5-yl)(4-chlorophenyl)methanone",C1=CC=C(C=C1)NC2=NC=C(S2)C(=O)C3=CC=C(C=C3)Cl,Active
1487485,"4,5-dibromo-2-(4-methylphenyl)-3(2H)-pyridazinone",CC1=CC=C(C=C1)N2C(=O)C(=C(C=N2)Br)Br,Active
1507407,"1-Chloro-7,8-difluoro-3-methylpyrido[1,2-a]benzimidazole-4-carbonitrile",CC1=C(C2=NC3=CC(=C(C=C3N2C(=C1)Cl)F)F)C#N,Active
1527415,(E)-isopropyl 2-cyano-3-(5-(4-((difluoromethyl)thio)phenyl)furan-2-yl)acrylate,CC(C)OC(=O)C(=CC1=CC=C(O1)C2=CC=C(C=C2)SC(F)F)C#N,Active
1617287,"5-[(2Z)-2-(2,2-dimethyl-6-phenyl-1,3-dioxin-4-ylidene)ethylidene]-2-sulfanylidene-1,3-diazinane-4,6-dione",CC1(OC(=CC(=CC=C2C(=O)NC(=S)NC2=O)O1)C3=CC=CC=C3)C,Active
1773030,"3-amino-N-[5-(propylthio)-1,3,4-thiadiazol-2-yl]-6-thien-2-ylthieno[2,3-b]pyridine-2-carboxamide",CCCSC1=NN=C(S1)NC(=O)C2=C(C3=C(S2)N=C(C=C3)C4=CC=CS4)N,Active
1796110,"1-Butylamino-3-methyl-3H-naphtho[1,2,3-de]quinoline-2,7-dione",CCCCNC1=C2C3=CC=CC=C3C(=O)C4=C2C(=CC=C4)N(C1=O)C,Active
1798162,N-{[4-(acetylsulfamoyl)phenyl]carbamothioyl}-2-(2-methylphenoxy)acetamide,CC1=CC=CC=C1OCC(=O)NC(=S)NC2=CC=C(C=C2)S(=O)(=O)NC(=O)C,Active
1829959,N-[1-[3-(benzenesulfonamido)quinoxalin-2-yl]pyridin-4-ylidene]thiophene-2-carboxamide,C1=CC=C(C=C1)S(=O)(=O)NC2=NC3=CC=CC=C3N=C2N4C=CC(=NC(=O)C5=CC=CS5)C=C4,Active
1893291,2-(Allylamino)-4-amino-5-[(5-bromo-2-thienyl)carbonyl]-3-thiophenecarbonitrile,C=CCNC1=C(C(=C(S1)C(=O)C2=CC=C(S2)Br)N)C#N,Active
1928929,"3-amino-N-(1,3-benzothiazol-2-yl)-6-thiophen-2-ylthieno[2,3-b]pyridine-2-carboxamide",C1=CC=C2C(=C1)N=C(S2)NC(=O)C3=C(C4=C(S3)N=C(C=C4)C5=CC=CS5)N,Active
1973785,7-Diethylamino-3-[4-(4-methoxy-phenyl)-thiazol-2-yl]-chromen-2-one,CCN(CC)C1=CC2=C(C=C1)C=C(C(=O)O2)C3=NC(=CS3)C4=CC=C(C=C4)OC,Active
2031089,"1-Pentyl-3-phenyl-1H-pyrazolo[3,4-b]quinoxaline",CCCCCN1C2=NC3=CC=CC=C3N=C2C(=N1)C4=CC=CC=C4,Active
2036162,"1-Butyl-3-phenyl-1H-pyrazolo[3,4-b]quinoxaline",CCCCN1C2=NC3=CC=CC=C3N=C2C(=N1)C4=CC=CC=C4,Active
2044030,"N-(1-Benzyl-1H-pyrrolo[2,3-b]quinoxalin-2-yl)-4-chloro-benzenesulfonamide",C1=CC=C(C=C1)CN2C(=CC3=NC4=CC=CC=C4N=C32)NS(=O)(=O)C5=CC=C(C=C5)Cl,Active
2079329,Methyl 5-[({[3-(ethoxycarbonyl)-2-furyl]methyl}sulfanyl)methyl]-2-furoate,CCOC(=O)C1=C(OC=C1)CSCC2=CC=C(O2)C(=O)OC,Active
2084247,"2-(4-amino-1,3-dioxoisoindol-2-yl)-N-butylacetamide",CCCCNC(=O)CN1C(=O)C2=C(C1=O)C(=CC=C2)N,Active
2109969,"(4Z)-4-[(3-methoxyphenyl)methylidene]-2-(3-methylphenyl)isoquinoline-1,3-dione",CC1=CC(=CC=C1)N2C(=O)C3=CC=CC=C3C(=CC4=CC(=CC=C4)OC)C2=O,Active
2112599,"4-[1-(4-Chlorophenyl)tetrazol-5-yl]sulfanylthieno[2,3-d]pyrimidine",C1=CC(=CC=C1N2C(=NN=N2)SC3=NC=NC4=C3C=CS4)Cl,Active
2117079,"3,4-dimethyl-N-[2-(morpholin-4-yl)-5-(trifluoromethyl)phenyl]benzene-1-sulfonamide",CC1=C(C=C(C=C1)S(=O)(=O)NC2=C(C=CC(=C2)C(F)(F)F)N3CCOCC3)C,Active
2121567,2-[[5-Chloro-2-(dimethylamino)-1-(4-fluorophenyl)imidazol-4-yl]methylidene]propanedinitrile,CN(C)C1=NC(=C(N1C2=CC=C(C=C2)F)Cl)C=C(C#N)C#N,Active
2124454,"(3,5-Dimethyl-1,2-oxazol-4-yl)methyl 5,6-dichloropyridine-3-carboxylate",CC1=C(C(=NO1)C)COC(=O)C2=CC(=C(N=C2)Cl)Cl,Active
2133793,4-fluoro-N-[4-hydroxy-3-(8-quinolinylthio)-1-naphthyl]benzenesulfonamide,C1=CC=C2C(=C1)C(=CC(=C2O)SC3=CC=CC4=C3N=CC=C4)NS(=O)(=O)C5=CC=C(C=C5)F,Active
2136882,"5-[(2-Fluorophenyl)methyl]-7,8-dimethoxy-3-phenylpyrazolo[4,3-c]quinoline",COC1=C(C=C2C(=C1)C3=NN=C(C3=CN2CC4=CC=CC=C4F)C5=CC=CC=C5)OC,Active
2136890,"5-(2-fluorobenzyl)-3-(4-fluorophenyl)-7,8-dimethoxy-5H-pyrazolo[4,3-c]quinoline",COC1=C(C=C2C(=C1)C3=NN=C(C3=CN2CC4=CC=CC=C4F)C5=CC=C(C=C5)F)OC,Active
2136899,"3-(4-Fluorophenyl)-5-[(3-fluorophenyl)methyl]-7,8-dimethoxypyrazolo[4,3-c]quinoline",COC1=C(C=C2C(=C1)C3=NN=C(C3=CN2CC4=CC(=CC=C4)F)C5=CC=C(C=C5)F)OC,Active
2136907,"3-(4-Fluorophenyl)-7,8-dimethoxy-5-[(4-methylphenyl)methyl]pyrazolo[4,3-c]quinoline",CC1=CC=C(C=C1)CN2C=C3C(=NN=C3C4=CC(=C(C=C42)OC)OC)C5=CC=C(C=C5)F,Active
2136917,"3-(4-Fluorophenyl)-7,8-dimethoxy-5-[(3-methylphenyl)methyl]pyrazolo[4,3-c]quinoline",CC1=CC(=CC=C1)CN2C=C3C(=NN=C3C4=CC(=C(C=C42)OC)OC)C5=CC=C(C=C5)F,Active
2136935,"3-(4-Fluorophenyl)-7,8-dimethoxy-5-[(4-methoxyphenyl)methyl]pyrazolo[4,3-c]quinoline",COC1=CC=C(C=C1)CN2C=C3C(=NN=C3C4=CC(=C(C=C42)OC)OC)C5=CC=C(C=C5)F,Active
2137463,"5-Chloro-3-(3-fluorophenyl)triazolo[1,5-a]quinazoline",C1=CC=C2C(=C1)C(=NC3=C(N=NN23)C4=CC(=CC=C4)F)Cl,Active
2162673,"methyl N-(3-carbamoyl-4,5,6,7,8,9-hexahydrocycloocta[b]thiophen-2-yl)carbamate",COC(=O)NC1=C(C2=C(S1)CCCCCC2)C(=O)N,Active
2173523,"1-(2,4-Dimethoxybenzyl)-4-(2-fluorophenyl)piperazine",COC1=CC(=C(C=C1)CN2CCN(CC2)C3=CC=CC=C3F)OC,Active
2186107,(2E)-3-[(2-hydroxy-5-methylphenyl)amino]-1-(3-methoxyphenyl)prop-2-en-1-one,CC1=CC(=C(C=C1)O)NC=CC(=O)C2=CC(=CC=C2)OC,Active
2215233,"Isopropyl 3-amino-6-phenylthieno[2,3-b]pyridine-2-carboxylate",CC(C)OC(=O)C1=C(C2=C(S1)N=C(C=C2)C3=CC=CC=C3)N,Active
2220410,"N-benzyl-2-[(3-ethyl-4-oxo-3,4,6,7,8,9-hexahydropyrimido[4,5-b]quinolin-2-yl)sulfanyl]acetamide",CCN1C(=O)C2=C(N=C3CCCCC3=C2)N=C1SCC(=O)NCC4=CC=CC=C4,Active
2221657,"2-(5-chloro-2-pyridinyl)-6-nitro-1H-benzo[de]isoquinoline-1,3(2H)-dione",C1=CC2=C(C=CC3=C2C(=C1)C(=O)N(C3=O)C4=NC=C(C=C4)Cl)[N+](=O)[O-],Active
2233093,"1-[3-(5-Phenyl-1,3,4-oxadiazol-2-yl)benzoyl]piperidine",C1CCN(CC1)C(=O)C2=CC=CC(=C2)C3=NN=C(O3)C4=CC=CC=C4,Active
2254616,"3-(6-Nitro-1,3-dioxo-1H,3H-benzo[de]isoquinolin-2-yl)-N-thiazol-2-yl-benzamide",C1=CC(=CC(=C1)N2C(=O)C3=C4C(=C(C=C3)[N+](=O)[O-])C=CC=C4C2=O)C(=O)NC5=NC=CS5,Active
2268454,N-(3-phenylpropyl)benzamide,C1=CC=C(C=C1)CCCNC(=O)C2=CC=CC=C2,Active
2320547,"(2E)-1-(5-chloro-2-methylsulfonylpyrimidin-4-yl)-2-(1,3,3-trimethylindol-2-ylidene)ethanone",CC1(C2=CC=CC=C2N(C1=CC(=O)C3=NC(=NC=C3Cl)S(=O)(=O)C)C)C,Active
2332535,S-(8-quinolinyl) 4-fluorobenzenecarbothioate,C1=CC2=C(C(=C1)SC(=O)C3=CC=C(C=C3)F)N=CC=C2,Active
2336835,"2-[(4-fluorophenyl)sulfonylamino]-N-(4-phenyl-1,3-thiazol-2-yl)benzamide",C1=CC=C(C=C1)C2=CSC(=N2)NC(=O)C3=CC=CC=C3NS(=O)(=O)C4=CC=C(C=C4)F,Active
2337349,"5,6,7,8-Tetrafluoro-2-(2,3,4,5,6-pentafluorophenyl)chromen-4-one",C1=C(OC2=C(C1=O)C(=C(C(=C2F)F)F)F)C3=C(C(=C(C(=C3F)F)F)F)F,Active
2370680,"[2-oxo-2-[4-(N-propan-2-ylanilino)anilino]ethyl] 3-(4-nitro-1,3-dioxoisoindol-2-yl)propanoate",CC(C)N(C1=CC=CC=C1)C2=CC=C(C=C2)NC(=O)COC(=O)CCN3C(=O)C4=C(C3=O)C(=CC=C4)[N+](=O)[O-],Active
2375939,2-[({4-[(Difluoromethyl)sulfanyl]phenyl}carbamoyl)methoxy]benzoic acid,C1=CC=C(C(=C1)C(=O)O)OCC(=O)NC2=CC=C(C=C2)SC(F)F,Active
2384174,(E)-2-Cyano-N-(4-ethoxy-phenyl)-3-(3-methyl-4-pyrrolidin-1-YL-phenyl)-acrylamide,CCOC1=CC=C(C=C1)NC(=O)C(=CC2=CC(=C(C=C2)N3CCCC3)C)C#N,Active
2405263,[2-(Methylamino)-2-oxoethyl] 2-(4-chloro-3-nitrobenzoyl)benzoate,CNC(=O)COC(=O)C1=CC=CC=C1C(=O)C2=CC(=C(C=C2)Cl)[N+](=O)[O-],Active
2407399,(Propylcarbamoyl)methyl 2-(4-chloro-3-nitrobenzoyl)benzoate,CCCNC(=O)COC(=O)C1=CC=CC=C1C(=O)C2=CC(=C(C=C2)Cl)[N+](=O)[O-],Active
2430298,"4,5-Dichloro-2-[2-(2,3-dihydroindol-1-yl)-2-oxoethyl]pyridazin-3-one",C1CN(C2=CC=CC=C21)C(=O)CN3C(=O)C(=C(C=N3)Cl)Cl,Active
2439209,"2-(4,5-dichloro-6-oxopyridazin-1-yl)-N-methyl-N-[2-(4-methylanilino)-2-oxoethyl]acetamide",CC1=CC=C(C=C1)NC(=O)CN(C)C(=O)CN2C(=O)C(=C(C=N2)Cl)Cl,Active
2463883,"4-[(Z)-[2-(3-methylphenyl)-1,3-dioxoisoquinolin-4-ylidene]methyl]benzoic acid",CC1=CC(=CC=C1)N2C(=O)C3=CC=CC=C3C(=CC4=CC=C(C=C4)C(=O)O)C2=O,Active
2566108,"1-({4-Chloro-5,6-dimethylthieno[2,3-d]pyrimidin-2-yl}methyl)-4-methylpiperidine",CC1CCN(CC1)CC2=NC3=C(C(=C(S3)C)C)C(=N2)Cl,Active
2585205,"Ethyl 4-[[2-(4,5-dichloro-6-oxopyridazin-1-yl)acetyl]amino]benzoate",CCOC(=O)C1=CC=C(C=C1)NC(=O)CN2C(=O)C(=C(C=N2)Cl)Cl,Active
2666619,"2-(3-methoxyphenyl)-N-(1,3-thiazol-2-yl)acetamide",COC1=CC=CC(=C1)CC(=O)NC2=NC=CS2,Active
2766929,"1-[4-(Tert-butyl)phenyl]-4-chloro-6-oxo-1,6-dihydro-3-pyridazinecarbonitrile",CC(C)(C)C1=CC=C(C=C1)N2C(=O)C=C(C(=N2)C#N)Cl,Active
2840784,"Ethyl 7-chloro-6-formyl-2-(pentanoylamino)-4,5-dihydro-1-benzothiophene-3-carboxylate",CCCCC(=O)NC1=C(C2=C(S1)C(=C(CC2)C=O)Cl)C(=O)OCC,Active
2841077,Cambridge id 5314731,CC1=C2C(=NON2[O-])C(=[N+]([N+]1=O)[O-])C,Active
2845811,1-[(3-Chloro-benzyl)-(2-hydroxy-propyl)-amino]-propan-2-OL,CC(CN(CC1=CC(=CC=C1)Cl)CC(C)O)O,Active
2861516,"5-ethyl-5'-naphthalen-1-ylspiro[1H-indole-3,2'-3H-1,3,4-thiadiazole]-2-one",CCC1=CC2=C(C=C1)NC(=O)C23NN=C(S3)C4=CC=CC5=CC=CC=C54,Active
2862265,"5'-Acetyl-2'-{[2-(4-biphenylyl)-2-oxoethyl]thio}-6'-methyl-1',4'-dihydro-3,4'-bipyridine-3'-carbonitrile",CC1=C(C(C(=C(N1)SCC(=O)C2=CC=C(C=C2)C3=CC=CC=C3)C#N)C4=CN=CC=C4)C(=O)C,Active
2897110,"1,4-Bis[(2-methoxy-5-methylphenyl)sulfonyl]-2-methylpiperazine",CC1CN(CCN1S(=O)(=O)C2=C(C=CC(=C2)C)OC)S(=O)(=O)C3=C(C=CC(=C3)C)OC,Active
2898097,"1-[1,4-diphenyl-5-(2-thienyl)-4,5-dihydro-1H-1,2,4-triazol-3-yl]ethanone",CC(=O)C1=NN(C(N1C2=CC=CC=C2)C3=CC=CS3)C4=CC=CC=C4,Active
2905495,"4-[(7-chloro-4-nitro-2,1,3-benzoxadiazol-5-yl)amino]-1,5-dimethyl-2-phenyl-1,2-dihydro-3H-pyrazol-3-one",CC1=C(C(=O)N(N1C)C2=CC=CC=C2)NC3=C(C4=NON=C4C(=C3)Cl)[N+](=O)[O-],Active
2920668,Phenyl-(toluene-4-sulfonylamino)-acetic acid 2-oxo-4-trifluoromethyl-2H-chromen-7-yl ester,CC1=CC=C(C=C1)S(=O)(=O)NC(C2=CC=CC=C2)C(=O)OC3=CC4=C(C=C3)C(=CC(=O)O4)C(F)(F)F,Active
2932011,"7-(5-Bromo-2-furyl)-5-(4-fluorophenyl)-4,7-dihydro[1,2,4]triazolo[1,5-a]pyrimidine",C1=CC(=CC=C1C2=CC(N3C(=NC=N3)N2)C4=CC=C(O4)Br)F,Active
2937718,"2-(3-Hydroxyphenyl)-6-(1-piperidinyl)benzo[de]isoquinoline-1,3-dione",C1CCN(CC1)C2=C3C=CC=C4C3=C(C=C2)C(=O)N(C4=O)C5=CC(=CC=C5)O,Active
2950551,"7-(4-Ethoxyphenyl)-5-(4-fluorophenyl)-4,7-dihydro[1,2,4]triazolo[1,5-a]pyrimidine",CCOC1=CC=C(C=C1)C2C=C(NC3=NC=NN23)C4=CC=C(C=C4)F,Active
2957085,"6-nitro-2-(1,3-thiazol-2-yl)-1H-benzo[de]isoquinoline-1,3(2H)-dione",C1=CC2=C(C=CC3=C2C(=C1)C(=O)N(C3=O)C4=NC=CS4)[N+](=O)[O-],Active
2959486,"2-(1-piperidinyl)-7-propyl-7,8-dihydro-5H-pyrano[4,3-b]pyridine-3-carbonitrile",CCCC1CC2=NC(=C(C=C2CO1)C#N)N3CCCCC3,Active
2974588,CID 2974588,C1=CC=C(C=C1)CN2C3C(C(=N2)C4=CC=C(C=C4)[N+](=O)[O-])C(=O)NC3=O,Active
2976158,1-[(3-chloro-4-methoxyphenyl)sulfonyl]-N-(2-pyridinylmethyl)-3-piperidinecarboxamide,COC1=C(C=C(C=C1)S(=O)(=O)N2CCCC(C2)C(=O)NCC3=CC=CC=N3)Cl,Active
2981691,"N-ethyl-2-[3-(2-methoxyethyl)-1-(3-methoxyphenyl)-2,5-dioxo-4-imidazolidinyl]acetamide",CCNC(=O)CC1C(=O)N(C(=O)N1CCOC)C2=CC(=CC=C2)OC,Active
2997707,"8-[2-(difluoromethoxy)phenyl]-7-(2-methoxyethyl)-3-propyl-3,7-dihydro-1H-purine-2,6-dione",CCCN1C2=C(C(=O)NC1=O)N(C(=N2)C3=CC=CC=C3OC(F)F)CCOC,Active
2998049,"17-(2-Ethylhexyl)-14-methyl-13-oxa-2,9,15,17-tetrazatetracyclo[8.7.0.03,8.011,16]heptadeca-1,3,5,7,9,11(16),14-heptaen-12-imine",CCCCC(CC)CN1C2=C(C3=NC4=CC=CC=C4N=C31)C(=N)OC(=N2)C,Active
2999890,2-cyano-N-hexyl-2-(3-pyrrolidin-1-ylquinoxalin-2-yl)acetamide,CCCCCCNC(=O)C(C#N)C1=NC2=CC=CC=C2N=C1N3CCCC3,Active
3000025,"3-[7-(4-Methoxyphenyl)-5-phenyl-4,7-dihydro[1,2,4]triazolo[1,5-a]pyrimidin-2-yl]propan-1-ol",COC1=CC=C(C=C1)C2C=C(NC3=NC(=NN23)CCCO)C4=CC=CC=C4,Active
3000028,"5-(4-chlorophenyl)-7-(3,4-dimethoxyphenyl)-5H,8H-[1,2,4]triazolo[4,3-a]pyrimidine",COC1=C(C=C(C=C1)C2=CC(N3C=NN=C3N2)C4=CC=C(C=C4)Cl)OC,Active
3128197,"7-chloro-N-methyl-4-nitro-2,1,3-benzoxadiazol-5-amine",CNC1=C(C2=NON=C2C(=C1)Cl)[N+](=O)[O-],Active
3129452,"2,5-Bis(4-nitrophenyl)-3,4-dihydropyrazole-3-carbonitrile",C1C(N(N=C1C2=CC=C(C=C2)[N+](=O)[O-])C3=CC=C(C=C3)[N+](=O)[O-])C#N,Active
3129671,"1-(2,3-Dihydro-benzo[1,4]dioxin-6-yl)-4-phenyl-butan-1-one",C1COC2=C(O1)C=CC(=C2)C(=O)CCCC3=CC=CC=C3,Active
3136571,"5-ethyl-5'-phenylspiro[1H-indole-3,2'-3H-1,3,4-thiadiazole]-2-one",CCC1=CC2=C(C=C1)NC(=O)C23NN=C(S3)C4=CC=CC=C4,Active
3146895,Propyl 5-sulfamoylfuran-2-carboxylate,CCCOC(=O)C1=CC=C(O1)S(=O)(=O)N,Active
3236803,2-Methylsulfonyl-4-phenyl-6-(trifluoromethyl)pyrimidine,CS(=O)(=O)C1=NC(=CC(=N1)C(F)(F)F)C2=CC=CC=C2,Active
3237441,"3-(3,4-dimethoxyphenyl)-1-[(pentafluorophenyl)sulfonyl]-1H-pyrazol-5-amine",COC1=C(C=C(C=C1)C2=NN(C(=C2)N)S(=O)(=O)C3=C(C(=C(C(=C3F)F)F)F)F)OC,Active
3243384,4-{[7-(diethylamino)-2-oxo-2H-chromen-3-yl]amino}-4-oxobutanoic acid,CCN(CC)C1=CC2=C(C=C1)C=C(C(=O)O2)NC(=O)CCC(=O)O,Active
3243630,"3-{4-[4-(1,3-benzodioxol-5-ylmethyl)piperazin-1-yl]-4-oxobutyl}thieno[3,2-d]pyrimidine-2,4(1H,3H)-dione",C1CN(CCN1CC2=CC3=C(C=C2)OCO3)C(=O)CCCN4C(=O)C5=C(C=CS5)NC4=O,Active
3243672,"3-[7-(2-Chlorophenyl)-5-(thiophen-2-yl)-4,7-dihydro[1,2,4]triazolo[1,5-a]pyrimidin-2-yl]propan-1-ol",C1=CC=C(C(=C1)C2C=C(NC3=NC(=NN23)CCCO)C4=CC=CS4)Cl,Active
3243696,"2-chloro-6-fluoro-N-({5-[(2-oxo-2-phenylethyl)thio]-1,3,4-oxadiazol-2-yl}methyl)benzamide",C1=CC=C(C=C1)C(=O)CSC2=NN=C(O2)CNC(=O)C3=C(C=CC=C3Cl)F,Active
3244608,4-methyl-1-[4-(2H-tetrazol-5-yl)benzyl]piperidine,CC1CCN(CC1)CC2=CC=C(C=C2)C3=NNN=N3,Active
3244704,"3-[7-(4-Methoxyphenyl)-5-(thiophen-2-yl)-4,7-dihydro[1,2,4]triazolo[1,5-a]pyrimidin-2-yl]propan-1-ol",COC1=CC=C(C=C1)C2C=C(NC3=NC(=NN23)CCCO)C4=CC=CS4,Active
3245049,"N-butyl-3-(2-methoxyphenyl)-4-oxo-3,4-dihydrophthalazine-1-carboxamide",CCCCNC(=O)C1=NN(C(=O)C2=CC=CC=C21)C3=CC=CC=C3OC,Active
3245097,N-(2-methoxyethyl)-2-({2-[4-(2-methoxyphenyl)piperazin-1-yl]-2-oxoethyl}thio)quinazolin-4-amine,COCCNC1=NC(=NC2=CC=CC=C21)SCC(=O)N3CCN(CC3)C4=CC=CC=C4OC,Active
3368501,2-(5-methylfuran-2-yl)-N-(2-methylphenyl)quinoline-4-carboxamide,CC1=CC=CC=C1NC(=O)C2=CC(=NC3=CC=CC=C32)C4=CC=C(O4)C,Active
3373363,"3-(1-Methyl-2-benzimidazolyl)-1-phenyl-2-pyrrolo[3,2-b]quinoxalinamine",CN1C2=CC=CC=C2N=C1C3=C(N(C4=NC5=CC=CC=C5N=C34)C6=CC=CC=C6)N,Active
3385684,"[4-(2,7-Diphenyl-5,6-dihydro-imidazo[1,2-A]pyrimidin-5-YL)-phenyl]-dimethyl-amine",CN(C)C1=CC=C(C=C1)C2CC(=NC3=NC(=CN23)C4=CC=CC=C4)C5=CC=CC=C5,Active
3449225,"4-(10-Methyl-8-phenyl-6-m-tolylamino-8,11-dihydro-5,7,8,9,11a-pentaaza-cyclopenta[b]phenanthren-11-yl)-benzene-1,2-diol",CC1=CC(=CC=C1)NC2=NC3=CC=CC=C3N4C2=NC5=C(C4C6=CC(=C(C=C6)O)O)C(=NN5C7=CC=CC=C7)C,Active
3505567,"N-(1-adamantyl)-2-(4-amino-1,3-dioxoisoindol-2-yl)acetamide",C1C2CC3CC1CC(C2)(C3)NC(=O)CN4C(=O)C5=C(C4=O)C(=CC=C5)N,Active
3573522,"2-[(2-Hydroxy-4,4-dimethyl-6-oxo-1-cyclohexen-1-yl)(2-thienyl)methyl]-5,5-dimethyl-1,3-cyclohexanedione",CC1(CC(=O)C(C(=O)C1)C(C2=CC=CS2)C3=C(CC(CC3=O)(C)C)O)C,Active
3590153,"2-(4-amino-1,3-dioxoisoindol-2-yl)-N-(2-methylcyclohexyl)acetamide",CC1CCCCC1NC(=O)CN2C(=O)C3=C(C2=O)C(=CC=C3)N,Active
3658423,"1-[5-(1,3-benzodioxol-5-yl)-1,4-diphenyl-4,5-dihydro-1H-1,2,4-triazol-3-yl]ethanone",CC(=O)C1=NN(C(N1C2=CC=CC=C2)C3=CC4=C(C=C3)OCO4)C5=CC=CC=C5,Active
3745344,"N-[7-(4-methoxyphenyl)-5-phenyl-3,7-dihydro[1,2,4]triazolo[1,5-a]pyrimidin-2-yl]acetamide",CC(=O)NC1=NN2C(C=C(NC2=N1)C3=CC=CC=C3)C4=CC=C(C=C4)OC,Active
3768880,[2-Oxo-4-(trifluoromethyl)chromen-7-yl] 3-phenyl-2-(phenylmethoxycarbonylamino)propanoate,C1=CC=C(C=C1)CC(C(=O)OC2=CC3=C(C=C2)C(=CC(=O)O3)C(F)(F)F)NC(=O)OCC4=CC=CC=C4,Active
3774666,"3-benzoyl-5-(2-chlorophenyl)-1-phenyl-3a,6a-dihydropyrrolo[3,4-c]pyrazole-4,6(1H,5H)-dione",C1=CC=C(C=C1)C(=O)C2=NN(C3C2C(=O)N(C3=O)C4=CC=CC=C4Cl)C5=CC=CC=C5,Active
3798575,3-(4-toluidinomethylene)-2-benzothiophen-1(3H)-one,CC1=CC=C(C=C1)N=CC2=C3C=CC=CC3=C(S2)O,Active
3841103,3-(anilinomethylene)-2-benzothiophen-1(3H)-one,C1=CC=C(C=C1)N=CC2=C3C=CC=CC3=C(S2)O,Active
3857706,"2-chloro-N-(3,5-dimethyl-1H-pyrazol-4-yl)-5-nitrobenzamide",CC1=C(C(=NN1)C)NC(=O)C2=C(C=CC(=C2)[N+](=O)[O-])Cl,Active
3934060,"8-[5-(2-Bromo-4-nitro-phenyl)-furan-2-YL]-3-isobutyl-7-(2-methoxy-ethyl)-3,7-dihydro-purine-2,6-dione",CC(C)CN1C2=C(C(=O)NC1=O)N(C(=N2)C3=CC=C(O3)C4=C(C=C(C=C4)[N+](=O)[O-])Br)CCOC,Active
4051302,"2-(6-Morpholin-4-yl-1,3-dioxobenzo[de]isoquinolin-2-yl)ethyl 2-chlorobenzoate",C1COCCN1C2=C3C=CC=C4C3=C(C=C2)C(=O)N(C4=O)CCOC(=O)C5=CC=CC=C5Cl,Active
4084629,"Ethyl 2-[(1,1-dioxido-1,2-benzisothiazol-3-yl)amino]-6-methyl-4,5,6,7-tetrahydro-1-benzothiophene-3-carboxylate",CCOC(=O)C1=C(SC2=C1CCC(C2)C)NC3=NS(=O)(=O)C4=CC=CC=C43,Active
4204023,"3-[(2,4-dimethylanilino)methylene]-2-benzothiophen-1(3H)-one",CC1=CC(=C(C=C1)N=CC2=C3C=CC=CC3=C(S2)O)C,Active
4205241,"2-(4-chlorophenyl)-N-cyclopentylimidazo[1,2-a]pyrazin-3-amine",C1CCC(C1)NC2=C(N=C3N2C=CN=C3)C4=CC=C(C=C4)Cl,Active
4269692,"4-(10-Methyl-8-phenyl-6-p-tolylamino-8,11-dihydro-5,7,8,9,11a-pentaaza-cyclopenta[b]phenanthren-11-yl)-benzene-1,2-diol",CC1=CC=C(C=C1)NC2=NC3=CC=CC=C3N4C2=NC5=C(C4C6=CC(=C(C=C6)O)O)C(=NN5C7=CC=CC=C7)C,Active
4271672,"3-Amino-4-(4-fluorophenyl)-6-(thiophen-2-yl)thieno[2,3-b]pyridine-2-carbonitrile",C1=CSC(=C1)C2=NC3=C(C(=C2)C4=CC=C(C=C4)F)C(=C(S3)C#N)N,Active
4272091,ethyl 6-amino-5-cyano-2-{[(3-cyano-6-phenylpyridin-2-yl)sulfanyl]methyl}-4-(pyridin-3-yl)-4H-pyran-3-carboxylate,CCOC(=O)C1=C(OC(=C(C1C2=CN=CC=C2)C#N)N)CSC3=C(C=CC(=N3)C4=CC=CC=C4)C#N,Active
4325987,"4-(10-Methyl-8-phenyl-6-phenylamino-8,11-dihydro-5,7,8,9,11a-pentaaza-cyclopenta[b]phenanthren-11-yl)-benzene-1,2-diol",CC1=NN(C2=C1C(N3C4=CC=CC=C4N=C(C3=N2)NC5=CC=CC=C5)C6=CC(=C(C=C6)O)O)C7=CC=CC=C7,Active
4594104,"3-Benzoyl-5-(3-chloro-phenyl)-1-phenyl-3a,6a-dihydro-1H-pyrrolo[3,4-c]pyrazole-4,6-dione",C1=CC=C(C=C1)C(=O)C2=NN(C3C2C(=O)N(C3=O)C4=CC(=CC=C4)Cl)C5=CC=CC=C5,Active
4620544,"2-(6-Morpholin-4-yl-1,3-dioxobenzo[de]isoquinolin-2-yl)ethyl 2,4-dichlorobenzoate",C1COCCN1C2=C3C=CC=C4C3=C(C=C2)C(=O)N(C4=O)CCOC(=O)C5=C(C=C(C=C5)Cl)Cl,Active
4681472,Ethyl 6-amino-5-cyano-2-{[(3-cyano-6-phenyl-2-pyridinyl)sulfanyl]methyl}-4-(4-methoxyphenyl)-4H-pyran-3-carboxylate,CCOC(=O)C1=C(OC(=C(C1C2=CC=C(C=C2)OC)C#N)N)CSC3=C(C=CC(=N3)C4=CC=CC=C4)C#N,Active
4835204,N-(3-cyanophenyl)-2-(7-oxobenzo[a]phenalen-3-yl)sulfanylacetamide,C1=CC=C2C(=C1)C3=C4C(=C(C=C3)SCC(=O)NC5=CC=CC(=C5)C#N)C=CC=C4C2=O,Active
4889526,"1-(3-Methoxypropyl)-3-(1-methylbenzimidazol-2-yl)pyrrolo[3,2-b]quinoxalin-2-amine",CN1C2=CC=CC=C2N=C1C3=C(N(C4=NC5=CC=CC=C5N=C34)CCCOC)N,Active
4897494,"3-(1-Methyl-1H-benzoimidazol-2-yl)-1-phenethyl-1H-pyrrolo[2,3-b]quinoxalin-2-ylamine",CN1C2=CC=CC=C2N=C1C3=C(N(C4=NC5=CC=CC=C5N=C34)CCC6=CC=CC=C6)N,Active
4966967,N-(4-methoxyphenyl)-2-(7-oxobenzo[a]phenalen-3-yl)sulfanylacetamide,COC1=CC=C(C=C1)NC(=O)CSC2=C3C=CC=C4C3=C(C=C2)C5=CC=CC=C5C4=O,Active
4971561,"3-(1-Methylbenzimidazol-2-yl)-1-(3-phenylpropyl)pyrrolo[3,2-b]quinoxalin-2-amine",CN1C2=CC=CC=C2N=C1C3=C(N(C4=NC5=CC=CC=C5N=C34)CCCC6=CC=CC=C6)N,Active
5014184,"N-(1,3-benzodioxol-5-ylmethyl)-1-(4-fluorophenyl)-5-oxo-3-pyrrolidinecarboxamide",C1C(CN(C1=O)C2=CC=C(C=C2)F)C(=O)NCC3=CC4=C(C=C3)OCO4,Active
5094436,"2-oxo-2-(3-oxo-3,4-dihydro-2H-1,4-benzoxazin-6-yl)ethyl 5,6-dichloronicotinate",C1C(=O)NC2=C(O1)C=CC(=C2)C(=O)COC(=O)C3=CC(=C(N=C3)Cl)Cl,Active
5115564,"4-(1,3-benzothiazol-2-yl)-N-(2-cyanophenyl)-3-imino-5-(phenylamino)-2,3-dihydrothiophene-2-carboxamide",C1=CC=C(C=C1)N=C2C(=C(C(S2)C(=O)NC3=CC=CC=C3C#N)N)C4=NC5=CC=CC=C5S4,Active
5121711,"2-allyl-6-piperidin-1-yl-1H-benzo[de]isoquinoline-1,3(2H)-dione",C=CCN1C(=O)C2=C3C(=C(C=C2)N4CCCCC4)C=CC=C3C1=O,Active
5147737,"3-(5,7-Diphenyl-1,7-dihydro-[1,2,4]triazolo[1,5-a]pyrimidin-2-yl)-1-propanol",C1=CC=C(C=C1)C2C=C(NC3=NC(=NN23)CCCO)C4=CC=CC=C4,Active
5285231,"(7E)-2-amino-7-(4-methylbenzylidene)-4-(4-methylphenyl)-4,5,6,7-tetrahydrocyclopenta[b]pyran-3-carbonitrile",CC1=CC=C(C=C1)C=C2CCC3=C2OC(=C(C3C4=CC=C(C=C4)C)C#N)N,Active
5291770,"2-(5-{(Z)-[3-(2,5-dimethylphenyl)-2-imino-4-oxo-1,3-thiazolidin-5-ylidene]methyl}-2-furyl)benzoic acid",CC1=CC(=C(C=C1)C)N2C(=O)C(=CC3=CC=C(O3)C4=CC=CC=C4C(=O)O)SC2=N,Active
5296050,4-[(Z)-2-(9H-beta-carbolin-1-yl)vinyl]benzonitrile,C1=CC=C2C(=C1)C3=C(N2)C(=NC=C3)C=CC4=CC=C(C=C4)C#N,Active
5333955,4-[4-(dimethylamino)styryl]-N-methylpyridinium iodide,C[N+]1=CC=C(C=C1)C=CC2=CC=C(C=C2)N(C)C.[I-],Active
5334290,3-[4-(diethylamino)-2-isopropoxyphenyl]-2-(5-methyl-1H-benzimidazol-2-yl)acrylonitrile,CCN(CC)C1=CC(=C(C=C1)C=C(C#N)C2=NC3=C(N2)C=C(C=C3)C)OC(C)C,Active
5334671,"N-(2,5-dimethylphenyl)-N-[2-(2-{[5-(4-nitrophenyl)-2-furyl]methylene}hydrazino)-2-oxoethyl]benzenesulfonamide (non-preferred name)",CC1=CC(=C(C=C1)C)N(CC(=O)NN=CC2=CC=C(O2)C3=CC=C(C=C3)[N+](=O)[O-])S(=O)(=O)C4=CC=CC=C4,Active
5336330,Ethyl 2-[(4-acetyl-5-anilino-2-thienyl)carbonyl]-3-(3-pyridinyl)acrylate,CCOC(=O)C(=CC1=CN=CC=C1)C(=O)C2=CC(=C(S2)NC3=CC=CC=C3)C(=O)C,Active
5336533,(2E)-3-(4-aminophenyl)-1-(thiophen-2-yl)prop-2-en-1-one,C1=CSC(=C1)C(=O)C=CC2=CC=C(C=C2)N,Active
5341736,2-(6-Methyl-1H-benzoimidazol-2-yl)-3-(5-nitro-furan-2-yl)-acrylonitrile,CC1=CC2=C(C=C1)N=C(N2)C(=CC3=CC=C(O3)[N+](=O)[O-])C#N,Active
5346216,(E)-1-(3-bromophenyl)-3-[4-(dimethylamino)phenyl]prop-2-en-1-one,CN(C)C1=CC=C(C=C1)C=CC(=O)C2=CC(=CC=C2)Br,Active
5349489,3-[4-(4-Morpholinyl)phenyl]-1-phenyl-2-propen-1-one,C1COCCN1C2=CC=C(C=C2)C=CC(=O)C3=CC=CC=C3,Active
5378081,2-(P-Dimethylaminostyryl)benzothiazole,CN(C)C1=CC=C(C=C1)C=CC2=NC3=CC=CC=C3S2,Active
5379238,(E)-1-(4-bromophenyl)-3-[4-(diethylamino)phenyl]prop-2-en-1-one,CCN(CC)C1=CC=C(C=C1)C=CC(=O)C2=CC=C(C=C2)Br,Active
5400800,5-[3-Methyl-4-(1-pyrrolidinyl)benzylidene]-3-propyl-2-thioxo-4-imidazolidinone,CCCN1C(=O)C(=CC2=CC(=C(C=C2)N3CCCC3)C)NC1=S,Active
5446512,"2-Cyano-N-(3,4-dimethyl-phenyl)-3-(1-{[(furan-2-ylmethyl)-carbamoyl]-methyl}-1H-indol-3-yl)-acrylamide",CC1=C(C=C(C=C1)NC(=O)C(=CC2=CN(C3=CC=CC=C32)CC(=O)NCC4=CC=CO4)C#N)C,Active
5549699,"8-Amino-3-hexyl-1H-benzo[g]pteridine-2,4-dione",CCCCCCN1C(=O)C2=NC3=C(C=C(C=C3)N)N=C2NC1=O,Active
5599895,"8-Amino-3-hexyl-7-methyl-1H-benzo[g]pteridine-2,4-dione",CCCCCCN1C(=O)C2=NC3=C(C=C(C(=C3)C)N)N=C2NC1=O,Active
5720702,N-(2-Benzyloxy-benzylidene)-N'-(4-nitro-phenyl)-hydrazine,C1=CC=C(C=C1)COC2=CC=CC=C2C=NNC3=CC=C(C=C3)[N+](=O)[O-],Active
5730347,1-[5-[(E)-2-(1-methylbenzimidazol-2-yl)ethenyl]furan-2-yl]propan-1-one,CCC(=O)C1=CC=C(O1)C=CC2=NC3=CC=CC=C3N2C,Active
5732023,"4-{5-[2-(1,3-Benzothiazol-2-yl)-2-cyanovinyl]-2-furyl}benzenesulfonamide",C1=CC=C2C(=C1)N=C(S2)C(=CC3=CC=C(O3)C4=CC=C(C=C4)S(=O)(=O)N)C#N,Active
5736224,"10-(3-hydroxy-4-methoxybenzylidene)-7-(2-methoxyphenyl)-5,7-dihydro-6H-benzo[h][1,3]thiazolo[2,3-b]quinazolin-9(10H)-one",COC1=C(C=C(C=C1)C=C2C(=O)N3C(C4=C(C5=CC=CC=C5CC4)N=C3S2)C6=CC=CC=C6OC)O,Active
5737730,"4-{[5-(2,4-dichlorophenyl)-2-furyl]methylene}-3-methyl-5(4H)-isoxazolone",CC1=NOC(=O)C1=CC2=CC=C(O2)C3=C(C=C(C=C3)Cl)Cl,Active
5739533,"4-[2-(1,3-benzothiazol-2-yl)vinyl]-N,N-diethylaniline",CCN(CC)C1=CC=C(C=C1)C=CC2=NC3=CC=CC=C3S2,Active
5740162,2-{4-[2-(1H-benzimidazol-2-yl)-2-cyanovinyl]-2-methoxyphenoxy}-N-(2-isopropylphenyl)acetamide,CC(C)C1=CC=CC=C1NC(=O)COC2=C(C=C(C=C2)C=C(C#N)C3=NC4=CC=CC=C4N3)OC,Active
5740603,4-[2-cyano-2-(5-methoxy-1H-benzimidazol-2-yl)vinyl]benzoic acid,COC1=CC2=C(C=C1)N=C(N2)C(=CC3=CC=C(C=C3)C(=O)O)C#N,Active
5750556,"1,3-diphenyl-1H-pyrazole-4-carbaldehyde (4-nitrophenyl)hydrazone",C1=CC=C(C=C1)C2=NN(C=C2C=NNC3=CC=C(C=C3)[N+](=O)[O-])C4=CC=CC=C4,Active
5758845,"(5E)-5-(3-cyclohexen-1-ylmethylene)-3-(1,5-dimethyl-3-oxo-2-phenyl-2,3-dihydro-1H-pyrazol-4-yl)-2-thioxo-1,3-thiazolidin-4-one",CC1=C(C(=O)N(N1C)C2=CC=CC=C2)N3C(=O)C(=CC4CCC=CC4)SC3=S,Active
5760164,"2-(4-Acetoxy-3-ethoxy-benzylidene)-7-methyl-3-oxo-5-styryl-2,3-dihydro-5H-thiazolo[3,2-a]pyrimidine-6-carboxylic acid ethyl ester",CCOC1=C(C=CC(=C1)C=C2C(=O)N3C(C(=C(N=C3S2)C)C(=O)OCC)C=CC4=CC=CC=C4)OC(=O)C,Active
5765499,2-[5-[(E)-2-[2-oxo-6-(trifluoromethyl)-1H-pyrimidin-4-yl]ethenyl]furan-2-yl]benzoic acid,C1=CC=C(C(=C1)C2=CC=C(O2)C=CC3=NC(=O)NC(=C3)C(F)(F)F)C(=O)O,Active
5769124,2-{4-[(Z)-2-(1H-benzimidazol-2-yl)-2-cyanoethenyl]-2-methoxyphenoxy}-N-(2-methylphenyl)acetamide,CC1=CC=CC=C1NC(=O)COC2=C(C=C(C=C2)C=C(C#N)C3=NC4=CC=CC=C4N3)OC,Active
5770966,(E)-N-[2-(cyclohexylamino)-2-oxoethyl]-4-(2-hydroxy-4-methoxyphenyl)-N-(2-methoxyethyl)-4-oxobut-2-enamide,COCCN(CC(=O)NC1CCCCC1)C(=O)C=CC(=O)C2=C(C=C(C=C2)OC)O,Active
5825928,"[2-(2-methylpropylamino)-2-oxoethyl] (3E)-3-(thiophen-2-ylmethylidene)-1,2-dihydrocyclopenta[b]quinoline-9-carboxylate",CC(C)CNC(=O)COC(=O)C1=C2CCC(=CC3=CC=CS3)C2=NC4=CC=CC=C41,Active
5857072,N-[1-(4-Ethyl-phenyl)-ethylidene]-N'-(4-nitro-phenyl)-hydrazine,CCC1=CC=C(C=C1)C(=NNC2=CC=C(C=C2)[N+](=O)[O-])C,Active
5860596,"[2-[(2-methylcyclohexyl)amino]-2-oxoethyl] (3E)-3-(furan-2-ylmethylidene)-1,2-dihydrocyclopenta[b]quinoline-9-carboxylate",CC1CCCCC1NC(=O)COC(=O)C2=C3CCC(=CC4=CC=CO4)C3=NC5=CC=CC=C52,Active
5863319,6-methoxy-2-(4-methoxyphenyl)-3-{[3-(trifluoromethyl)phenyl]sulfanyl}-1H-1-benzothiophen-1-one,COC1=CC=C(C=C1)C2=C(C3=C(S2=O)C=C(C=C3)OC)SC4=CC=CC(=C4)C(F)(F)F,Active
5908395,3-(2-Chloro-7-ethoxy-3-quinolinyl)-1-(2-furyl)-2-propen-1-one,CCOC1=CC2=NC(=C(C=C2C=C1)C=CC(=O)C3=CC=CO3)Cl,Active
5914494,3-[(4-bromophenyl)sulfanyl]-6-methoxy-2-(4-methoxyphenyl)-1H-1-benzothiophen-1-one,COC1=CC=C(C=C1)C2=C(C3=C(S2=O)C=C(C=C3)OC)SC4=CC=C(C=C4)Br,Active
5933290,5-nitro-2-{(2Z)-2-[(1-phenyl-1H-pyrrol-2-yl)methylidene]hydrazinyl}pyridine,C1=CC=C(C=C1)N2C=CC=C2C=NNC3=NC=C(C=C3)[N+](=O)[O-],Active
5933890,(2E)-3-(2-Methyl-1H-indol-3-YL)-1-phenyl-2-propen-1-one,CC1=C(C2=CC=CC=C2N1)C=CC(=O)C3=CC=CC=C3,Active
5936678,"1-(2,6-dimethylphenyl)-2,5-dimethyl-1H-pyrrole-3-carbaldehyde (5-nitro-2-pyridinyl)hydrazone",CC1=C(C(=CC=C1)C)N2C(=CC(=C2C)C=NNC3=NC=C(C=C3)[N+](=O)[O-])C,Active
5952922,"Ethanone, 1-(2-furyl)-, 4-nitrophenylhydrazone",CC(=NNC1=CC=C(C=C1)[N+](=O)[O-])C2=CC=CO2,Active
5978544,"[2-(butylamino)-2-oxoethyl] (3E)-3-(thiophen-2-ylmethylidene)-1,2-dihydrocyclopenta[b]quinoline-9-carboxylate",CCCCNC(=O)COC(=O)C1=C2CCC(=CC3=CC=CS3)C2=NC4=CC=CC=C41,Active
5999709,"2-[(7E)-7-benzylidene-3-phenyl-3a,4,5,6-tetrahydro-3H-indazol-2-yl]-N,4-dimethyl-1,3-thiazole-5-carboxamide",CC1=C(SC(=N1)N2C(C3CCCC(=CC4=CC=CC=C4)C3=N2)C5=CC=CC=C5)C(=O)NC,Active
6001289,"(2E,5E)-2,5-bis(2,4-dimethoxybenzylidene)cyclopentanone",COC1=CC(=C(C=C1)C=C2CCC(=CC3=C(C=C(C=C3)OC)OC)C2=O)OC,Active
6031948,[4-[(E)-2-(5-Methoxy-6-methylsulfanyl-benzothiazol-2-YL)-vinyl]-phenyl]-dimethyl-amine,CN(C)C1=CC=C(C=C1)C=CC2=NC3=CC(=C(C=C3S2)SC)OC,Active
6092126,"[2-(cyclopentylamino)-2-oxoethyl] (3E)-3-(furan-2-ylmethylidene)-1,2-dihydrocyclopenta[b]quinoline-9-carboxylate",C1CCC(C1)NC(=O)COC(=O)C2=C3CCC(=CC4=CC=CO4)C3=NC5=CC=CC=C52,Active
6103405,"2-benzyl-6-hydroxy-1H-benzo[de]isoquinoline-1,3(2H)-dione",C1=CC=C(C=C1)CN2C(=O)C3=C4C(=C(C=C3)O)C=CC=C4C2=O,Active
6157225,"2,6-Bis((1-methyl-1H-pyrrol-2-yl)methylene)cyclohexan-1-one",CN1C=CC=C1C=C2CCCC(=CC3=CC=CN3C)C2=O,Active
6223700,"[1-(methylcarbamoylamino)-1-oxopropan-2-yl] (3E)-3-(thiophen-2-ylmethylidene)-1,2-dihydrocyclopenta[b]quinoline-9-carboxylate",CC(C(=O)NC(=O)NC)OC(=O)C1=C2CCC(=CC3=CC=CS3)C2=NC4=CC=CC=C41,Active
6236941,(E)-3-[1-[(4-methylpiperazin-1-yl)methyl]indol-3-yl]-1-phenylprop-2-en-1-one,CN1CCN(CC1)CN2C=C(C3=CC=CC=C32)C=CC(=O)C4=CC=CC=C4,Active
6248815,"N-[2-{(E)-1-cyano-2-[4-(diethylamino)phenyl]ethenyl}-4-(thiophen-2-yl)-1,3-thiazol-5-yl]acetamide",CCN(CC)C1=CC=C(C=C1)C=C(C#N)C2=NC(=C(S2)NC(=O)C)C3=CC=CS3,Active
6249312,(2E)-3-(1H-indol-3-yl)-1-(naphthalen-1-yl)prop-2-en-1-one,C1=CC=C2C(=C1)C=CC=C2C(=O)C=CC3=CNC4=CC=CC=C43,Active
6260437,"2-[(7E)-3-(4-fluorophenyl)-7-[(4-fluorophenyl)methylidene]-3a,4,5,6-tetrahydro-3H-indazol-2-yl]-N,N,4-trimethyl-1,3-thiazole-5-carboxamide",CC1=C(SC(=N1)N2C(C3CCCC(=CC4=CC=C(C=C4)F)C3=N2)C5=CC=C(C=C5)F)C(=O)N(C)C,Active
6362905,"(NZ)-N-[4-chloro-3-(3-chloropropyl)-5-formyl-1,3-thiazol-2-ylidene]benzenesulfonamide",C1=CC=C(C=C1)S(=O)(=O)N=C2N(C(=C(S2)C=O)Cl)CCCCl,Active
6371672,"(2Z,6E)-4-methyl-2,6-bis[(1-methylpyrrol-2-yl)methylidene]cyclohexan-1-one",CC1CC(=CC2=CC=CN2C)C(=O)C(=CC3=CC=CN3C)C1,Active
6385751,Propiophenone 4-nitrophenylhydrazone,CCC(=NNC1=CC=C(C=C1)[N+](=O)[O-])C2=CC=CC=C2,Active
6406850,"6-(5-Ethylsulfanyl-1,3,4-oxadiazol-2-yl)-3,4-diphenylthieno[2,3-c]pyridazin-5-amine",CCSC1=NN=C(O1)C2=C(C3=C(C(=NN=C3S2)C4=CC=CC=C4)C5=CC=CC=C5)N,Active
6451074,"(6aR,9R,9aR)-9-acetyl-3-[(1E,3E,5S)-3,5-dimethylhepta-1,3-dienyl]-6a-methyl-9,9a-dihydrofuro[2,3-h]isochromene-6,8-dione",CCC(C)C=C(C)C=CC1=CC2=CC(=O)C3(C(C2=CO1)C(C(=O)O3)C(=O)C)C,Active
6465514,N-butyl-4-(3-phenyl-2-propen-1-yl)-1-piperazinecarboxamide,CCCCNC(=O)N1CCN(CC1)CC=CC2=CC=CC=C2,Active
6603435,"2-Hexyl-2-azatricyclo[7.3.0.03,7]dodeca-1(9),3(7)-dien-8-imine;hydrobromide",CCCCCCN1C2=C(CCC2)C(=N)C3=C1CCC3.Br,Active
6873208,4-ethoxy-N-(2-{2-[(5-{4-nitrophenyl}-2-furyl)methylene]hydrazino}-2-oxoethyl)-N-phenylbenzenesulfonamide,CCOC1=CC=C(C=C1)S(=O)(=O)N(CC(=O)NN=CC2=CC=C(O2)C3=CC=C(C=C3)[N+](=O)[O-])C4=CC=CC=C4,Active
6876748,N-(3-chloro-4-methoxyphenyl)-N-(2-{2-[(5-{4-nitrophenyl}-2-furyl)methylene]hydrazino}-2-oxoethyl)-4-methylbenzenesulfonamide,CC1=CC=C(C=C1)S(=O)(=O)N(CC(=O)NN=CC2=CC=C(O2)C3=CC=C(C=C3)[N+](=O)[O-])C4=CC(=C(C=C4)OC)Cl,Active
6903194,9-anthracenecarbaldehyde N-[4-(4-morpholinylsulfonyl)phenyl]thiosemicarbazone,C1COCCN1S(=O)(=O)C2=CC=C(C=C2)NC(=S)NN=CC3=C4C=CC=CC4=CC5=CC=CC=C53,Active
9550584,"ethyl 4-[2-{[2-(butylamino)-2-oxoethyl]thio}-4-oxothieno[3,2-d]pyrimidin-3(4H)-yl]piperidine-1-carboxylate",CCCCNC(=O)CSC1=NC2=C(C(=O)N1C3CCN(CC3)C(=O)OCC)SC=C2,Active
9559971,"ethyl 3-(2-{2-[(E)-(4-methylphenyl)methylidene]hydrazino}-2-oxoethoxy)pyrido[1,2-a]indole-10-carboxylate",CCOC(=O)C1=C2C=CC=CN2C3=C1C=CC(=C3)OCC(=O)NN=CC4=CC=C(C=C4)C,Active
9581694,2-(ethylsulfanyl)-1-methyl-1H-imidazole-5-carbaldehyde N-(4-nitrophenyl)hydrazone,CCSC1=NC=C(N1C)C=NNC2=CC=C(C=C2)[N+](=O)[O-],Active
9591202,"N-benzyl-4-(morpholin-4-yl)-6-[(2E)-2-{[5-(4-nitrophenyl)furan-2-yl]methylidene}hydrazinyl]-1,3,5-triazin-2-amine",C1COCCN1C2=NC(=NC(=N2)NN=CC3=CC=C(O3)C4=CC=C(C=C4)[N+](=O)[O-])NCC5=CC=CC=C5,Active
9606709,2-[(3-Methylbenzyl)oxy]benzaldehyde {4-nitrophenyl}hydrazone,CC1=CC(=CC=C1)COC2=CC=CC=C2C=NNC3=CC=C(C=C3)[N+](=O)[O-],Active
9619313,"ethyl 3-(2-{2-[(E)-(4-chlorophenyl)methylidene]hydrazino}-2-oxoethoxy)pyrido[1,2-a]indole-10-carboxylate",CCOC(=O)C1=C2C=CC=CN2C3=C1C=CC(=C3)OCC(=O)NN=CC4=CC=C(C=C4)Cl,Active
9624199,"2-chloro-3-[(E)-[(4,6-dimethylpyrimidin-2-yl)hydrazinylidene]methyl]-7-methylpyrido[1,2-a]pyrimidin-4-one",CC1=CN2C(=NC(=C(C2=O)C=NNC3=NC(=CC(=N3)C)C)Cl)C=C1,Active
9627448,4-(1-Naphthylmethoxy)benzaldehyde (5-nitro-2-pyridinyl)hydrazone,C1=CC=C2C(=C1)C=CC=C2COC3=CC=C(C=C3)C=NNC4=NC=C(C=C4)[N+](=O)[O-],Active
9633315,2-{3-[(5-Nitro-pyridin-2-yl)-hydrazonomethyl]-indol-1-ylmethyl}-benzonitrile,C1=CC=C(C(=C1)CN2C=C(C3=CC=CC=C32)C=NNC4=NC=C(C=C4)[N+](=O)[O-])C#N,Active
9647206,"(1E)-1-(1,3-benzodioxol-5-yl)ethanone (4-nitrophenyl)hydrazone",CC(=NNC1=CC=C(C=C1)[N+](=O)[O-])C2=CC3=C(C=C2)OCO3,Active
9658313,[(E)-1-(benzofuran-2-yl)ethylideneamino]-(4-nitrophenyl)amine,CC(=NNC1=CC=C(C=C1)[N+](=O)[O-])C2=CC3=CC=CC=C3O2,Active
10864994,CID 10864994,CCN1C2=C(C=CC(=C2)C3=CC=CC=C3)OC1=CC=CC4=[N+](C5=C(O4)C=CC(=C5)C6=CC=CC=C6)CC.CCOS(=O)(=O)[O-],Active
11325914,4-[(E)-2-(1H-Indol-3-YL)-vinyl]-1-methyl-pyridinium; iodide,C[N+]1=CC=C(C=C1)C=CC2=CNC3=CC=CC=C32.[I-],Active
11835237,"1-(2-methoxyphenyl)-5-phenyl-3-(2-thienyl)-4,5-dihydro-1H-pyrazole",COC1=CC=CC=C1N2C(CC(=N2)C3=CC=CS3)C4=CC=CC=C4,Active
11835305,(2E)-3-{1-[3-(dipropylamino)-2-hydroxypropyl]-1H-indol-3-yl}-1-thien-2-ylprop-2-en-1-one,CCCN(CCC)CC(CN1C=C(C2=CC=CC=C21)C=CC(=O)C3=CC=CS3)O,Active
11835306,(2E)-3-(1-{3-[butyl(methyl)amino]-2-hydroxypropyl}-1H-indol-3-yl)-1-thien-2-ylprop-2-en-1-one,CCCCN(C)CC(CN1C=C(C2=CC=CC=C21)C=CC(=O)C3=CC=CS3)O,Active
11835308,(2E)-3-[1-(3-azepan-1-yl-2-hydroxypropyl)-1H-indol-3-yl]-1-thien-2-ylprop-2-en-1-one,C1CCCN(CC1)CC(CN2C=C(C3=CC=CC=C32)C=CC(=O)C4=CC=CS4)O,Active
11839287,"5-[2,5-Dimethoxy-4-(1-pyrrolidinyl)benzylidene]-3-(2-methoxyethyl)-2-(phenylimino)-1,3-thiazolidin-4-one",COCCN1C(=O)C(=CC2=CC(=C(C=C2OC)N3CCCC3)OC)SC1=NC4=CC=CC=C4,Active
12005314,"2-{[7-(1H-benzimidazol-2-ylthio)-4-nitro-2,1,3-benzoxadiazol-5-yl]amino}ethyl propionate",CCC(=O)OCCNC1=C(C2=NON=C2C(=C1)SC3=NC4=CC=CC=C4N3)[N+](=O)[O-],Active
12005721,N-{2-[(Z)-2-(3-Chloro-phenyl)-1-cyano-vinyl]-4-p-tolyl-thiazol-5-yl}-acetamide,CC1=CC=C(C=C1)C2=C(SC(=N2)C(=CC3=CC(=CC=C3)Cl)C#N)NC(=O)C,Active
15944846,"2-[(1,2,3,4-Tetrafluoroacridin-9-yl)amino]ethanol",C1=CC=C2C(=C1)C(=C3C(=C(C(=C(C3=N2)F)F)F)F)NCCO,Active
15945051,"2-(4-Bromophenyl)-3-(4-methoxyphenyl)-4,5-dihydroimidazo[1,2-a]quinolin-3-ium bromide",COC1=CC=C(C=C1)N2C3=[N+](C=C2C4=CC=C(C=C4)Br)C5=CC=CC=C5CC3.[Br-],Active
16187234,"4-heptyl-2,3-dihydro-1H-cyclopenta[b]quinolin-9(4H)-imine hydroiodide",CCCCCCCN1C2=C(CCC2)C(=N)C3=CC=CC=C31.I,Active
16188836,(4Z)-4-{[5-(2-bromophenyl)-2-furyl]methylene}-3-methylisoxazol-5(4H)-one,CC1=NOC(=O)C1=CC2=CC=C(O2)C3=CC=CC=C3Br,Active
16189758,"4-octyl-2,3-dihydro-1H-cyclopenta[b]quinolin-9(4H)-imine hydrobromide",CCCCCCCCN1C2=C(CCC2)C(=N)C3=CC=CC=C31.Br,Active
16192614,"4-octyl-2,3,5,6,7,8-hexahydro-1H-cyclopenta[b]quinolin-9-imine;hydrobromide",CCCCCCCCN1C2=C(CCCC2)C(=N)C3=C1CCC3.Br,Active
16192765,CID 16192765,CCCCCCCN1C2=C(CCCC2)C(=N)C3=C1CCC3.Br,Active
16193043,N-[2-(4-ethylpiperazin-1-yl)-4-methylquinolin-6-yl]-4-phenylpiperazine-1-carbothioamide,CCN1CCN(CC1)C2=NC3=C(C=C(C=C3)NC(=S)N4CCN(CC4)C5=CC=CC=C5)C(=C2)C,Active
16193843,"(6Z)-5-imino-3-(isobutylthio)-6-[(4-oxo-4H-chromen-3-yl)methylene]-5,6-dihydro-7H-[1,2,4]thiadiazolo[4,5-a]pyrimidin-7-one",CC(C)CSC1=NSC2=NC(=O)C(=CC3=COC4=CC=CC=C4C3=O)C(=N)N21,Active
16193971,"(2E)-1-phenyl-3-[4-(3-phenyl-4,5-dihydro-1H-pyrazol-1-yl)phenyl]prop-2-en-1-one",C1CN(N=C1C2=CC=CC=C2)C3=CC=C(C=C3)C=CC(=O)C4=CC=CC=C4,Active
16196319,"2-[2,6-Dimethyl-1-(tetrahydro-furan-2-ylmethyl)-1H-pyridin-4-ylidenemethyl]-3-methyl-benzothiazol-3-ium; tetrafluoro borate",[B-](F)(F)(F)F.CC1=CC(=CC(=[N+]1CC2CCCO2)C)C=C3N(C4=CC=CC=C4S3)C,Active
54718136,"(5Z)-5-{(2E)-3-[4-(dimethylamino)phenyl]-1-hydroxyprop-2-enylidene}-2,3-dimethyl-2,3,5,6-tetrahydro-4H-2,6-methano-1,3-benzoxazocin-4-one",CC12CC(C3=CC=CC=C3O1)C(=C(C=CC4=CC=C(C=C4)N(C)C)O)C(=O)N2C,Active
135400437,4-hydroxy-3-[3-(2-hydroxy-3-methoxyphenyl)acryloyl]-6-methyl-2H-pyran-2-one,CC1=CC(=C(C(=O)O1)C(=O)C=CC2=C(C(=CC=C2)OC)O)O,Active
135408359,"3-(4,5-Dihydro-naphtho[1,2-D]thiazol-2-YL)-7-hydroxy-1-benzopyran-2-one",C1CC2=C(C3=CC=CC=C31)N=C(S2)C4=CC5=C(C=C(C=C5)O)OC4=O,Active
135420208,"2-[(2E)-2-(5-chloro-2-hydroxybenzylidene)hydrazino]-2-oxo-N-[2-(1,1,2,2-tetrafluoroethoxy)phenyl]acetamide",C1=CC=C(C(=C1)NC(=O)C(=O)NN=CC2=C(C=CC(=C2)Cl)O)OC(C(F)F)(F)F,Active
135421491,2-methyl-1H-indole-3-carbaldehyde (4-nitrophenyl)hydrazone,CC1=C(C2=CC=CC=C2N1)C=NNC3=CC=C(C=C3)[N+](=O)[O-],Active
135433277,"2-[2-(3,5-Dichloro-2-hydroxyphenyl)vinyl]-8-quinolinol",C1=CC2=C(C(=C1)O)N=C(C=C2)C=CC3=C(C(=CC(=C3)Cl)Cl)O,Active
135439811,4-(2-chloroacetyl)-1H-pyrrole-2-carbaldehyde N-(4-nitrophenyl)hydrazone,C1=CC(=CC=C1NN=CC2=CC(=CN2)C(=O)CCl)[N+](=O)[O-],Active
135440580,(1E)-1-(4-hydroxyphenyl)ethanone (4-nitrophenyl)hydrazone,CC(=NNC1=CC=C(C=C1)[N+](=O)[O-])C2=CC=C(C=C2)O,Active
135455118,3-[(E)-2-(4-hydroxyphenyl)ethenyl]-1H-quinoxalin-2-one,C1=CC=C2C(=C1)NC(=O)C(=N2)C=CC3=CC=C(C=C3)O,Active
135455168,3-(2-hydroxyethyl)-2-[(E)-2-(1H-indol-3-yl)ethenyl]quinazolin-4-one,C1=CC=C2C(=C1)C(=CN2)C=CC3=NC4=CC=CC=C4C(=O)N3CCO,Active
135472352,1H-indole-3-carbaldehyde (4-nitrophenyl)hydrazone,C1=CC=C2C(=C1)C(=CN2)C=NNC3=CC=C(C=C3)[N+](=O)[O-],Active
135490259,2-hydroxy-1-naphthaldehyde [4-(1H-imidazol-2-yl)-1-phthalazinyl]hydrazone,C1=CC=C2C(=C1)C=CC(=C2C=NNC3=NN=C(C4=CC=CC=C43)C5=NC=CN5)O,Active
135490270,N-(2-Methoxy-phenyl)-2-[N'-[1-(2-methyl-1H-indol-3-YL)-meth-(E)-ylidene]-hydrazino]-5-nitro-benzenesulfonamide,CC1=C(C2=CC=CC=C2N1)C=NNC3=C(C=C(C=C3)[N+](=O)[O-])S(=O)(=O)NC4=CC=CC=C4OC,Active
135490285,N-(4-chlorophenyl)-2-[(2E)-2-(1H-indol-3-ylmethylidene)hydrazinyl]-5-nitrobenzenesulfonamide,C1=CC=C2C(=C1)C(=CN2)C=NNC3=C(C=C(C=C3)[N+](=O)[O-])S(=O)(=O)NC4=CC=C(C=C4)Cl,Active
135490286,2-[(2E)-2-(1H-indol-3-ylmethylidene)hydrazinyl]-N-(2-methoxyphenyl)-5-nitrobenzenesulfonamide,COC1=CC=CC=C1NS(=O)(=O)C2=C(C=CC(=C2)[N+](=O)[O-])NN=CC3=CNC4=CC=CC=C43,Active
135497951,"(6E)-6-{[(2E)-2-{[4-(Dimethylamino)phenyl]methylidene}hydrazinyl]methylidene}cyclohexa-2,4-dien-1-one",CN(C)C1=CC=C(C=C1)C=NN=CC2=CC=CC=C2O,Active
